name,stop,synonymous,nonsynonymous
lib1-cell,0.00011426112590355266,0.00021690806863700697,0.0015986549192136775
lib1-egg,3.602593743559378e-05,0.00017686228393908783,0.0007321424418432973
lib2-cell,0.00013143150374927623,0.0002984976053460675,0.001693621221870501
lib2-egg,4.418471153275313e-05,0.00027596697613040014,0.0013305568025484675
lib3-cell,0.00017851172056581078,0.00028192212044102845,0.0019489808215235778
lib3-egg,5.598497925189546e-05,0.00024799748863768014,0.0012054176088832594
wt,5.088242300799239e-06,3.254580514208023e-05,7.474032507264413e-05
